CustomerName,CustomerID,FullName
11311810_ESSENCE_SECURITY,11311810,ESSENCE SECURITY INTERNATIONAL ( E. S. I. ) Ltd.
11311811_איט_איז,11311811,"איט איז בע""מ"
11311813_ASPEN_GROUP,11311813,ASPEN GROUP LTD
11311816_STXI_MOTION,11311816,STXI MOTION LTD
11311817_ATS_Engineering,11311817,A.T.S Engineering (A.T.) LTD
11311819_Cielo_Inertial,11311819,Cielo Inertial Solutions Ltd
11311825_הינומה_מאי,11311825,"הינומה מ.א.י. בע""מ"
11321808_Lumenis_Be,11321808,Lumenis Be Inc
11321814_mt_unirepair,11321814,mt unirepair B.V
C0575_Applied_Materials,C0575,Applied Materials Europe BV
C1240_ELBATECH,C1240,ELBATECH LTD
C1283_ISRAEL_AEROSPACE,C1283,ISRAEL AEROSPACE INDUSTRIES LTD
C1295_TRANS_ELECTRIC,C1295,TRANS ELECTRIC PRO DEVELOPMENT AND MANUFACTURING
C1300_AMERICA_II,C1300,AMERICA II ELECTRONICS
C1309_LEVANON_KOGAN,C1309,LEVANON & KOGAN LTD
C1319_SOLCON_INDUSTRIES,C1319,SOLCON INDUSTRIES Ltd.
C1333_RAFAEL_ADVANCED,C1333,RAFAEL ADVANCED DEFENSE SYSTEMS Ltd
C1355_NETLINE_COMMUNICATIONS,C1355,NETLINE COMMUNICATIONS TECHNOLOGIES (N.C.T.) LTD
C1381_IDEA_MACHINE,C1381,IDEA  - MACHINE DEVELOPMENT DESIGN & PRODUCTION
C1404_KLA_TENCOR,C1404,KLA - TENCOR CORPORATION (ISRAEL)
C1430_SANMINA,C1430,SANMINA CORPORATION
C1433_ORTECS_COMPONENTS,C1433,ORTECS COMPONENTS Ltd.
C1444_ISRAEL_ELECTRICITY,C1444,ISRAEL ELECTRICITY COMPANY
C1451_EXERION_Precision,C1451,EXERION Precision Technology Olomouc s.r.o
C1467_GO_NET,C1467,GO NET SYSTEMS Ltd.
C1469_ARAD,C1469,ARAD Ltd.
C147_HP_INDIGO,C147,HP INDIGO LTD
C1482_SHEMER_MOTION,C1482,SHEMER MOTION (2009) LTD
C1505_CVISION_INDUSTRIAL,C1505,C-VISION INDUSTRIAL AUTOMATION & MOTION LTD
C1516_KLATencor_MIE,C1516,KLA-Tencor MIE GmbH
C1517_TAMUZ_FTK,C1517,TAMUZ F.T.K SOLUTIONS LTD
C1528_PRESTOCOM,C1528,PRESTOCOM LTD
C1533_ATENA,C1533,ATENA LTD
C153_APPLIED_MATERIALS,C153,APPLIED MATERIALS ISRAEL
C1573_AMPHENOL_TELAD,C1573,AMPHENOL TEL-AD LTD
C1608_SINGER_INSTRUMENTS,C1608,SINGER INSTRUMENTS & CONTROL LTD
C1617_Applied_Materials,C1617,Applied Materials South East Asia PTE LTD
C1620_Applied_Materials,C1620,Applied Materials GmbH & Co KG
C1621_RH_ELECTRONIC,C1621,RH ELECTRONIC TECHNOLOGIES SRL
C1629_VIORA,C1629,VIORA LTD
C1684_TERFLEX_INDUSTRIES,C1684,TERFLEX INDUSTRIES LTD
C1695_SOFWAVE_MEDICAL,C1695,SOFWAVE MEDICAL LTD
C1708_KOENIG_BAUER,C1708,KOENIG&BAUER
C1713_CPC_SOLUTIONS,C1713,CPC SOLUTIONS LTD
C1714_Fly_Chip,C1714,Fly Chip Electronic Components Ltd
C1718_KLATENCOR_INTEGRATED,C1718,KLA-TENCOR INTEGRATED METROLOGY (2002) LTD
C1720_Belmont_Instrument,C1720,Belmont Instrument LLC
C1722_NAYAX,C1722,NAYAX LTD
C1728_TELEM_OR,C1728,TELEM OR L.D. LTD
C1729_Zilex_Electronics,C1729,Zilex Electronics AG
C1734_SERVOTRONIX_MOTION,C1734,SERVOTRONIX MOTION SYSTEMS LTD
C1741_AUGURY_SYSTEMS,C1741,AUGURY SYSTEMS LTD
C1742_HAMESHAVEV_HMTS,C1742,HAMESHAVEV H.M.T.S LTD
C1754_ELBIT_SYSTEMS,C1754,ELBIT SYSTEMS LAND  LTD
C1770_S2P_SOLUTIONS,C1770,S.2.P SOLUTIONS TO PRODUCTS LTD
C1773_BHARAT_ELECTRONICS,C1773,BHARAT ELECTRONICS
C1775_Garner_Industries,C1775,Garner Industries (Bin Master)
C1781_POLLOGEN,C1781,POLLOGEN LTD
C1785_LUMENIS_BE,C1785,LUMENIS BE LTD
C1786_MASSIVIT_3D,C1786,MASSIVIT 3D PRINTING TECHNOLOGIES LTD
C1789_Xytech_module,C1789,Xytech module technologies
C1791_INSIGHTEC,C1791,INSIGHTEC LTD
C1795_LIAD_NISHLIS,C1795,LIAD NISHLIS
C1796_SHIR_ROSENBERG,C1796,SHIR ROSENBERG DEVELOPMENT AND MANAGEMENT LTD
C1799_Elmet_International,C1799,Elmet International SRL
C1804_Bios,C1804,Bios S.r.l
C1805_NOTRAFFIC,C1805,NOTRAFFIC LTD
C305_GAL_SHVAV,C305,GAL SHVAV
C310_NOVATEC,C310,NOVATEC
C410_ARAD_TECHNOLGIES,C410,ARAD TECHNOLGIES LTD
C468_RMETAL_KITS,C468,R.METAL KITS LTD
C485_LUMENIS,C485,LUMENIS Ltd.
C512_MKS_INSTRUMENTS,C512,MKS INSTRUMENTS ISRAEL LTD
C525_ESHED_AUTOMATION,C525,ESHED AUTOMATION LTD
C534_RH_USA,C534,RH USA
C554_SANMINA_SCI,C554,SANMINA SCI ISRAEL MEDICAL SYSTEMS LTD
C589_DAKRIM,C589,DAKRIM LTD
C600_ELTA_SYSTEMS,C600,ELTA SYSTEMS Ltd.
C714_UNITRONICS_1989,C714,"UNITRONICS (1989) (R""G) Ltd."
C715_ALPHA_OMEGA,C715,ALPHA OMEGA LTD
C804_DAGESH_FK,C804,DAGESH F.K. LTD
C811_FLEXTRONICS,C811,FLEXTRONICS LTD
C815_Continuous_Line,C815,Continuous Line Technology Ltd
C999_MISC,C999,MISC.
